zip,hood
94005,Hillside
94005,Bayshore
94005,Bayview
94005,Crocker
94005,Visitacion Valley
94014,Original Daly City
94014,Hillside
94014,Crocker
94014,Bayshore
94014,Southern Hills
94014,Serramonte
94014,St. Francis
94014,Merced
94014,Visitacion Valley
94014,Westlake
94014,Outer Mission
94014,Crocker Amazon
94015,Westlake
94015,Serramonte
94015,St. Francis
94015,Broadmoor
94015,Merced
94015,Original Daly City
94015,Ingleside Heights
94102,Civic Center
94102,Hayes Valley
94102,Tenderloin
94102,Downtown
94102,Western Addition
94102,Alamo Square
94102,Duboce Triangle
94102,SoMa
94103,SoMa
94103,Mission
94103,Potrero Hill
94103,Mission Dolores
94103,Mission Bay
94103,Castro
94103,Civic Center
94103,South Beach
94103,Hayes Valley
94103,Duboce Triangle
94103,Downtown
94103,Tenderloin
94104,Downtown
94104,Financial District
94104,Chinatown
94105,South Beach
94105,SoMa
94105,Downtown
94105,Financial District
94107,Potrero Hill
94107,Central Waterfront
94107,Mission Bay
94107,South Beach
94107,SoMa
94107,Bayview
94108,Downtown
94108,Chinatown
94108,Nob Hill
94108,Union Square
94108,Tenderloin
94109,Russian Hill
94109,Civic Center
94109,Nob Hill
94109,Pacific Heights
94109,Downtown
94109,Lower Pacific Heights
94109,Tenderloin
94109,Western Addition
94109,Fisherman's Wharf
94109,Cow Hollow
94109,Marina
94109,Fort Mason
94109,Japantown
94110,Bernal Heights
94110,Mission
94110,Potrero Hill
94110,Noe Valley
94110,Mission Dolores
94110,Castro
94110,Glen Park
94110,Bayview
94110,Portola
94111,Financial District
94111,Fisherman's Wharf
94111,Downtown
94111,Telegraph Hill
94111,South Beach
94111,Chinatown
94112,Excelsior
94112,Mission Terrace
94112,Crocker Amazon
94112,Outer Mission
94112,Ingleside
94112,Sunnyside
94112,Oceanview
94112,Westwood Park
94112,Bernal Heights
94112,Mount Davidson Manor
94112,Ingleside Heights
94112,Westwood Highlands
94112,Glen Park
94112,Merced Heights
94112,Ingleside Terrace
94112,Crocker
94112,Southern Hills
94112,Monterey Heights
94112,Bernt's Knoll
94112,Portola
94112,Original Daly City
94114,Noe Valley
94114,Castro
94114,Buena Vista Park
94114,Duboce Triangle
94114,Twin Peaks
94114,Midtown Terrace
94114,Diamond Heights
94114,Ashbury Heights
94114,Hayes Valley
94115,Pacific Heights
94115,Lower Pacific Heights
94115,Western Addition
94115,Anza Vista
94115,North Park
94115,Alamo Square
94115,Presidio Heights
94115,Japantown
94115,Hayes Valley
94115,Laurel Heights
94115,Presidio
94116,Central Sunset
94116,Outer Sunset
94116,Forest Hill
94116,Inner Parkside
94116,Golden Gate Heights
94116,West Portal
94116,Forest Hill Extension
94116,Inner Sunset
94116,Midtown Terrace
94117,Ashbury Heights
94117,Panhandle
94117,Haight
94117,Hayes Valley
94117,North Park
94117,Buena Vista Park
94117,Alamo Square
94117,Lone Mountain
94117,Duboce Triangle
94117,Cole Valley
94117,Forest Knolls
94117,Golden Gate Park
94117,Inner Sunset
94117,Western Addition
94118,Inner Richmond
94118,Laurel Heights
94118,Presidio Heights
94118,Lone Mountain
94118,Golden Gate Park
94118,Lake Street
94118,Central Richmond
94118,Anza Vista
94118,North Park
94118,Presidio
94121,Central Richmond
94121,Outer Richmond
94121,Lincoln Park - Lobos
94121,Sea Cliff
94121,Lake Street
94121,Golden Gate Park
94121,Presidio
94122,Golden Gate Park
94122,Central Sunset
94122,Outer Sunset
94122,Inner Sunset
94122,Golden Gate Heights
94122,Forest Knolls
94122,Outer Richmond
94122,Inner Richmond
94122,Ashbury Heights
94122,Central Richmond
94122,Lone Mountain
94123,Marina
94123,Cow Hollow
94123,Pacific Heights
94123,Fort Mason
94123,Presidio
94123,Russian Hill
94124,Bayview
94124,Hunters Point
94124,Silver Terrace
94124,Central Waterfront
94124,Potrero Hill
94124,Bernal Heights
94127,Miraloma
94127,Ingleside Terrace
94127,Saint Francis Wood
94127,West Portal
94127,Forest Hill Extension
94127,Monterey Heights
94127,Westwood Highlands
94127,Mount Davidson Manor
94127,Balboa Terrace
94127,Sherwood Forest
94127,Sunnyside
94127,San Francisco State University
94127,Merced Manor
94127,Merced Heights
94127,Forest Hill
94127,Inner Parkside
94127,Midtown Terrace
94127,Westwood Park
94127,Diamond Heights
94129,Presidio
94129,Sea Cliff
94129,Lake Street
94129,Presidio Heights
94130,Treasure Island
94130,Yerba Buena Island
94131,Midtown Terrace
94131,Glen Park
94131,Diamond Heights
94131,Noe Valley
94131,Forest Knolls
94131,Sunnyside
94131,Twin Peaks
94131,Miraloma
94131,Ashbury Heights
94131,Inner Sunset
94131,Bernal Heights
94131,Buena Vista Park
94131,Mission Terrace
94131,Forest Hill Extension
94131,Castro
94131,Forest Hill
94132,Stonestown
94132,San Francisco State University
94132,Stonestown Apartments
94132,Merced Manor
94132,Ingleside Heights
94132,Central Sunset
94132,Merced Heights
94132,Saint Francis Wood
94132,Ingleside Terrace
94132,Outer Sunset
94132,Inner Parkside
94132,Oceanview
94132,Westlake
94132,Ingleside
94132,Original Daly City
94133,Fisherman's Wharf
94133,Russian Hill
94133,Telegraph Hill
94133,North Beach
94133,Nob Hill
94133,Chinatown
94133,Financial District
94134,Portola
94134,Visitacion Valley
94134,Excelsior
94134,Bayview
94134,Bernt's Knoll
94134,Crocker Amazon
94134,Bernal Heights
94134,Silver Terrace
94134,Bayshore
94134,Southern Hills
94158,Mission Bay
94158,Central Waterfront
94158,Potrero Hill